type,price,quality,weight
cpu,172.15830352835653,3.5,0.25822733222435157
cpu,120.82004507108408,3.0,0.22996891786554655
cpu,131.29048710693684,4.5,0.11731645775124099
cpu,110.14513918347369,3.5,0.20491179262861453
cpu,123.84084545346704,4.5,0.2357316098395376
cpu,124.87793996068413,3.5,0.33076891850286794
cpu,142.81957811481536,4.0,0.10974617878325364
cpu,142.70889088371052,3.0,0.24584722169539597
cpu,154.9156896866741,4.5,0.20198097496355255
cpu,109.6495030581747,2.5,0.3323742677963828
cpu,71.83669171214393,3.5,0.3058830263079583
cpu,142.11962482254555,3.5,0.24954275590591987
cpu,99.64699894717745,4.5,0.3378171141553886
cpu,180.3726937151883,3.0,0.3630905727867757
cpu,137.00750826684853,4.0,0.29476035760703245
cpu,107.31602534177894,3.0,0.16863456569213403
cpu,124.58699135246525,4.5,0.38026405381254424
cpu,145.01389769329205,3.0,0.24344578730193425
cpu,127.33821572390865,4.0,0.22839022253456315
cpu,141.93454119174476,4.5,0.2342155760663422
cpu,136.8770050372305,2.5,0.10953757812157941
cpu,133.57831288991343,2.5,0.2217017921281252
cpu,120.86012790762945,4.0,0.1024145017084802
cpu,83.88813326718733,2.5,0.10250886465070538
cpu,126.23616471099473,3.5,0.11004259183795283
cpu,147.8913700286741,3.5,0.2599347826845922
cpu,85.52343588780374,3.0,0.384450765027176
cpu,176.07896364616357,4.5,0.37278387759674003
cpu,134.09089286460085,4.0,0.12743932473666114
cpu,130.5344695490906,4.0,0.3983720075383663
cpu,90.63176104544596,3.0,0.27657851208619944
cpu,72.7929482885942,4.0,0.24277015959668605
cpu,124.26260373534707,3.5,0.27393759012238295
cpu,84.82137766221287,2.5,0.12104458332909082
cpu,135.57741072827113,3.5,0.3516155624932831
cpu,95.87438154906857,3.5,0.21049086827251817
cpu,185.23755017569863,4.0,0.11954110497558962
cpu,101.87409475099508,2.5,0.2652480212744375
cpu,136.3394500632056,2.5,0.3806016709304596
cpu,118.74047980248915,3.0,0.28597683562613474
cpu,130.67870435385694,2.5,0.2815491980931054
cpu,120.38914107651553,4.5,0.1481673876687148
cpu,137.13919957576718,3.0,0.3585047333695194
cpu,122.97294178337317,2.5,0.2842929152525898
cpu,97.26491045310887,3.5,0.32757875394535185
cpu,183.7603816590038,3.5,0.1977124794982886
cpu,114.29642360468458,3.0,0.10548474836367419
cpu,148.96259170356356,4.0,0.1069532217236416
cpu,68.606946151963,2.5,0.2588819624284833
cpu,137.03325447837426,3.5,0.36607140309633013
cpu,85.68321769262676,2.5,0.23180226600525533
cpu,126.32696024463658,4.0,0.38428095544768026
cpu,102.38552740001714,4.5,0.2404123121371739
cpu,102.56763585414717,2.5,0.22888149353083678
cpu,97.16169268634422,4.5,0.33282126403526
cpu,153.9615251983941,3.0,0.2663044841375468
cpu,118.27093377311728,3.0,0.3090208323632
cpu,122.14237413434287,3.5,0.16573150730625164
cpu,175.0620386301286,3.0,0.2570493476250234
cpu,131.97057997194597,3.5,0.33409928673391986
cpu,17.091811594945995,3.5,0.10251019162883103
cpu,156.70575734957686,4.5,0.21686401756214144
cpu,132.31811402712475,4.0,0.22482277582949134
cpu,80.33108571236988,4.5,0.2644922155016135
cpu,113.75572353194414,3.0,0.30552639788330477
cpu,123.83300542223192,3.0,0.2741115848219784
cpu,140.18790707990766,4.5,0.3449545760424654
cpu,72.42399944571294,3.5,0.17635277962880008
cpu,160.714799475426,4.5,0.3349790376167221
cpu,122.1008399786874,3.0,0.24182860905660067
cpu,129.9842068515632,4.0,0.13691339561976573
cpu,87.6639328894405,3.5,0.14449625469671842
cpu,122.66148466091404,2.5,0.27095130951824814
cpu,106.19050007478447,3.5,0.29405657384058437
cpu,98.92575896499952,4.5,0.3378669845434541
cpu,121.7623666493147,2.5,0.23108435137469954
cpu,126.82617038375875,4.5,0.3091300505453671
cpu,90.07809813228643,3.0,0.36336433786548616
cpu,72.54143898001195,3.5,0.14422663110515385
cpu,115.64363279082907,4.0,0.13462733800572949
cpu,132.3553299236269,2.5,0.16247244290660176
cpu,137.11409634229034,3.5,0.2260733445166551
cpu,148.3213740574784,3.0,0.142732747876916
cpu,98.21530845798772,4.0,0.14022285965497885
cpu,125.76420755170116,2.5,0.23007326140064766
cpu,95.37770478665539,2.5,0.3975282151838093
cpu,162.13209915003756,4.5,0.256832196727403
cpu,129.0363627464858,4.5,0.13223268383550535
cpu,120.18655239854002,2.5,0.23298517186702877
cpu,129.17884475682672,3.5,0.12371845918494392
cpu,119.93460453781282,3.0,0.18574880845825253
cpu,105.16976356586127,3.0,0.3793010701842354
cpu,163.54809326109896,3.0,0.20849061110789913
cpu,156.1358669995091,4.0,0.26137307242984587
cpu,103.55429873873513,2.5,0.1416367796011033
cpu,118.57016728594158,4.0,0.16018184593489634
cpu,122.92040896035759,2.5,0.3305627181744204
cpu,127.89669201211098,3.5,0.2923951705847244
cpu,160.13796546387783,4.5,0.12841012788176165
cpu,101.34578734638401,4.0,0.32685223590499024
cpu,97.13908859914827,4.5,0.13762071083140523
cpu,130.3279320292072,2.5,0.14157520432561738
cpu,113.7827173460134,2.5,0.2544375201733505
cpu,144.51562141464018,4.5,0.3922521329908768
cpu,93.02502291835364,4.0,0.13302424788875142
cpu,121.1626039556201,4.0,0.19944947451638703
cpu,123.70302241690058,3.5,0.1727630158345927
cpu,133.14202899445317,3.0,0.21503550043931066
cpu,123.05145605837734,3.0,0.22557633715373612
cpu,150.75328342734534,4.0,0.3750235689160878
cpu,142.64754506639522,4.5,0.2381702700497403
cpu,130.50198697380597,3.5,0.35962343644643924
cpu,160.34323365997577,4.5,0.13943502300350774
cpu,133.6641858065616,3.0,0.31965827687523884
cpu,85.15745025945718,2.5,0.2896786298691353
cpu,163.6326461230884,3.5,0.21805001799747759
cpu,155.04421550273082,2.5,0.31117975491136923
cpu,109.71461941314557,3.0,0.21039833922400536
cpu,102.51998855887902,4.5,0.14555484120362314
cpu,96.80344064167093,2.5,0.325800371236899
cpu,118.22139932150299,4.0,0.19332548062915822
cpu,115.36331427079679,4.5,0.21706016503505815
cpu,76.48208160411727,3.5,0.3240634282014528
cpu,148.33631167890712,4.5,0.11319093587094006
cpu,167.6231820020059,3.0,0.36405017719313093
cpu,169.52337372953684,4.5,0.20539023138212953
cpu,113.89584986992847,4.0,0.10863648037193242
cpu,106.31019118854215,4.0,0.20949013210943107
cpu,114.20505516055574,2.5,0.1771932920718356
cpu,87.54647225311939,2.5,0.3408361275770384
cpu,130.9006511077762,2.5,0.18908646535131463
cpu,117.7048393124064,4.0,0.3424116492816586
cpu,131.8159743066397,4.0,0.24643367964473983
cpu,111.40149721090862,4.5,0.24609058044758403
cpu,188.00739315479092,4.5,0.29213454905751657
cpu,159.96581649422558,3.5,0.35847218138573334
cpu,90.90889294712147,2.5,0.16940500459440455
cpu,147.23952635747378,4.0,0.1462974471369438
cpu,154.55546148829717,3.5,0.232907119465494
cpu,105.43804869875575,3.0,0.34581179670425205
cpu,150.12427093521376,3.0,0.3680874963325248
cpu,128.96910477242614,2.5,0.1849639956509246
cpu,118.72859837334809,2.5,0.35246817896348437
cpu,127.1899860543716,3.0,0.17945989939722184
cpu,156.8561629430854,3.0,0.16243039595771638
cpu,125.27594296157575,4.5,0.37744520966440087
cpu,117.5829380602975,4.0,0.16051873065739888
cpu,126.57759833415676,4.5,0.27889328736480923
cpu,134.16351685371708,3.5,0.16636120425581674
cpu,113.58062046082478,3.0,0.16963235254416792
cpu,106.91743852455394,2.5,0.2175921196805211
cpu,89.68850313670873,2.5,0.16143588764316777
cpu,129.10798244559734,4.0,0.322511480254164
cpu,130.63878934088606,3.0,0.3315024562155709
cpu,138.64267435675114,2.5,0.2272601343716955
cpu,95.76990745285275,2.5,0.3357348994510476
cpu,150.13652119132271,4.5,0.1987112826884934
cpu,139.30540684507045,3.5,0.15574312507184768
cpu,82.00607146305423,2.5,0.26614233126338105
cpu,182.16581797316184,3.5,0.2134000499615214
cpu,120.83377390264356,3.0,0.13751042810966085
cpu,107.85571600794178,4.0,0.3209340329433543
cpu,161.0869883994031,4.0,0.28427945277362077
cpu,127.63360443037199,3.0,0.3459614968250576
cpu,122.85009857345412,4.5,0.36748808893418106
cpu,161.19167633348061,4.5,0.36720921031475073
cpu,135.24811503474945,4.0,0.3293195039596705
cpu,126.03104892218633,4.0,0.37196489297837454
cpu,156.8745253396786,3.5,0.22573505607905167
cpu,125.70970666620381,2.5,0.2371253124119553
cpu,110.7101511415616,4.0,0.27114454971468643
cpu,150.65608055633936,3.5,0.11628800681726081
cpu,111.56553003440693,3.0,0.38261755918090645
cpu,177.67905084757035,4.0,0.17395490803054858
cpu,165.44284427759345,4.0,0.33800030332377007
cpu,145.08304172864274,4.0,0.22501164182613936
cpu,150.0897090916085,3.0,0.30438676241993295
cpu,180.93466428492772,4.5,0.32729928020155774
cpu,114.09176929343384,2.5,0.3055700228800843
cpu,138.23237788821982,4.0,0.11058651386024054
cpu,132.45644777320675,3.0,0.10497458357361342
cpu,135.70046313364986,3.0,0.23506402524862738
cpu,110.5750982749195,3.5,0.31501065943361617
cpu,158.7827935808768,4.0,0.23663967321535842
cpu,120.2115757059367,4.5,0.2676134483509681
cpu,144.1834889339517,4.0,0.3734320465339158
cpu,147.2815012125814,4.5,0.21679615717567313
cpu,164.43446615457952,2.5,0.3447684548140867
cpu,157.99115257912322,3.0,0.2724187749364768
cpu,102.18806409954448,3.0,0.3513268996578932
cpu,206.73561188604745,4.0,0.19085586945352706
cpu,137.10297130592738,4.0,0.2408180879073297
cpu,127.31207146035882,3.5,0.2048135871360885
cpu,151.14310425083923,4.0,0.3334758997995193
cpu,66.01415657800024,4.0,0.16969162740087695
cpu,130.7842748595073,2.5,0.16043029586852872
cpu,155.37437685937795,4.0,0.37471324711045906
cpu,138.6026856699604,4.0,0.2738165144254878
cpu,116.65806895902676,3.5,0.21370436303648177
cpu,117.13374272365489,4.0,0.32769445309644074
disk,281.8557105752903,3.5,0.39799982036292914
disk,255.13884139264448,2.5,0.16215183939591749
disk,357.5296039139608,4.5,0.3123163403852855
disk,258.81782026836663,3.5,0.1006086290925248
disk,233.21899258251483,3.5,0.3187171178713517
disk,357.60063496765594,4.5,0.17615452031830164
disk,212.3006024809644,3.0,0.18547471359758927
disk,383.6577731972994,4.5,0.16829068821080662
disk,223.2159751497825,3.0,0.21413072585070306
disk,237.78607554327547,4.5,0.11070357662477781
disk,256.1439812162814,4.0,0.2321595648198386
disk,208.97978735481408,2.5,0.39725850133552476
disk,261.79226084591835,3.0,0.39876979566709025
disk,233.94815435187738,3.0,0.3907878432415933
disk,133.3969185806129,4.5,0.18783940883466943
disk,277.72133834458515,3.0,0.10539451737677535
disk,202.95975188209732,2.5,0.10864136569484963
disk,293.2523971899857,3.5,0.27481301953652193
disk,268.29778172822597,4.0,0.18664856570471602
disk,279.5213029890081,3.0,0.36401119061974097
disk,229.14764614238402,3.0,0.35139845415620086
disk,179.7682112484436,4.0,0.32001698054159633
disk,141.48409513445742,3.5,0.19553577947857514
disk,257.0111730227198,3.0,0.331465350730235
disk,333.78240605991516,2.5,0.3283970849384017
disk,254.83396438138308,3.0,0.374408807547979
disk,276.9302906403038,3.5,0.24399089656803746
disk,281.03619811671183,3.0,0.10872578425394733
disk,327.9918952855767,4.5,0.3711460673958058
disk,302.80106995983544,4.5,0.2084172889047603
disk,240.87468924195446,2.5,0.2361023962237261
disk,228.2661017406958,3.0,0.39454030893441017
disk,253.51452738920185,3.5,0.1810662144466213
disk,150.43123617035988,3.0,0.14204978523370726
disk,302.5085469466764,4.0,0.11878454658875309
disk,222.7408335185793,2.5,0.13902108268375182
disk,319.1571997916405,4.0,0.25529185388359343
disk,274.65247167547693,3.0,0.3509739196224151
disk,214.83756703862704,4.0,0.35020179926139605
disk,143.23504930531863,3.0,0.1177653834536177
disk,269.71662936614445,4.0,0.28849011034837696
disk,304.2260383710515,4.0,0.36599271230786523
disk,226.17637634312786,3.5,0.2048687018293825
disk,150.8947510002044,2.5,0.21281385124004532
disk,260.8090622644424,2.5,0.25550203542371486
disk,272.68489009737,3.0,0.2217395505935629
disk,338.4383334092175,4.0,0.3949837661797575
disk,190.320251091483,3.0,0.32214170004297504
disk,213.7029415892084,3.5,0.18393733135515755
disk,236.62930715182029,3.5,0.36497538124841966
disk,236.15359898857636,3.0,0.37495810011511765
disk,260.67751009738464,3.0,0.1886201820150995
disk,280.9755597809295,4.0,0.1287376751256078
disk,177.55570669867325,3.5,0.11693493503946299
disk,277.60941165355996,2.5,0.21635208212341023
disk,320.1056878322097,4.5,0.26733083831830806
disk,230.7133817689005,4.5,0.18469594988685883
disk,269.8131674530524,4.5,0.12786533280042145
disk,155.04846918184927,3.5,0.3670932300615338
disk,195.4952114327629,2.5,0.35890344445605216
disk,263.8952124459693,2.5,0.14245661070391805
disk,265.78390734052795,2.5,0.3601437248348792
disk,243.51784767767492,3.5,0.22153723071262335
disk,251.0042261429664,3.5,0.2376338011863554
disk,330.0477853694518,4.5,0.32962998298229684
disk,312.16733581776816,4.5,0.1606555208688958
disk,359.81250896670247,4.0,0.17053485041396052
disk,252.78184967590897,2.5,0.3332270248713714
disk,239.94015573156747,4.5,0.39199109152314515
disk,192.61860606445458,2.5,0.27698225932752485
disk,342.90263618131803,4.0,0.3757153542347411
disk,342.1691295493715,3.5,0.3383121848524596
disk,290.9438857359054,4.5,0.23924832786207542
disk,344.3102731683622,4.5,0.2202063641263521
disk,270.36853495913516,2.5,0.10159691987219452
disk,226.80064154216336,3.5,0.3915739758700939
disk,288.1691083659334,4.5,0.35605996355196134
disk,221.04115109268284,3.0,0.36922683897143493
disk,242.725035622605,4.0,0.27503143920561607
disk,218.94218198180158,3.5,0.2909131225209677
disk,204.59937124085639,3.5,0.17927608631113706
disk,380.13041364612707,4.5,0.35411060127018257
disk,216.1854004659687,2.5,0.13241480693412558
disk,209.1266402721431,3.0,0.10554494848071652
disk,229.57352368267007,3.0,0.17252357836741222
disk,254.33721185349577,4.5,0.14717283629329486
disk,275.585383173216,4.0,0.2763065265741836
disk,250.84245872147198,3.5,0.3961246787109485
disk,278.5685867601724,4.5,0.35720106765924853
disk,177.45145686528394,4.0,0.2504173441839975
disk,348.7828808269156,3.0,0.12594462049555666
disk,191.21387015592006,2.5,0.22697341381630656
disk,338.4486372272744,4.0,0.29810169886760607
disk,256.4813964481958,3.5,0.11556303679454193
disk,225.48674428366058,3.0,0.3691498784097099
disk,255.6925851170788,3.5,0.2565054345525709
disk,162.70245125221504,4.0,0.2641510302137896
disk,308.2612156710088,4.0,0.16252690956032567
disk,386.14775471601564,4.0,0.1761692755677002
disk,350.5377760614802,4.5,0.2454393018674625
disk,289.97604179035727,4.5,0.26356549469613266
disk,267.69352184717917,2.5,0.27881855635800734
disk,332.20480825407736,4.5,0.2535732110601141
disk,171.06945101562394,3.0,0.3797666944858963
disk,174.51296815728242,3.0,0.3487073470863552
disk,350.7179946513708,4.5,0.16028982794989816
disk,253.3940916355029,4.0,0.10575222770489509
disk,362.8265153211751,4.5,0.14749232896941356
disk,315.0738484564597,4.5,0.30783612689410644
disk,296.89277973445235,2.5,0.2900212658166065
disk,262.6627215807245,2.5,0.34456504295971213
disk,321.10887401290404,3.0,0.3821931263474311
disk,149.61176140567767,2.5,0.1455334445811433
disk,283.327052095385,3.0,0.2435059084635825
disk,245.18060061700103,3.0,0.3237072901700838
disk,228.1983598461049,4.5,0.26840172975571036
disk,198.33748048396487,3.5,0.1593998185749894
disk,265.0265453398378,3.0,0.343482937885185
disk,222.62759226473017,4.0,0.27511982485475767
disk,266.17059236203335,4.0,0.20455194751049163
disk,210.9782978344174,4.5,0.3536741241777335
disk,274.9293541577994,3.5,0.13709053256396508
disk,226.0735138934852,3.5,0.362968795259071
disk,175.19309078465173,2.5,0.2609120024438738
disk,227.4675052320574,3.0,0.28124201416052097
disk,291.7769364650486,4.5,0.17766802640546214
disk,281.8667850378474,3.0,0.2626710333133999
disk,279.43084188941623,2.5,0.2553848581687416
disk,279.6809898039652,4.0,0.39287671573431193
disk,253.27757896646713,3.0,0.1514134478108341
disk,164.589932945405,3.5,0.16868571770323995
disk,168.78375937578832,4.0,0.21314772867360618
disk,244.55858671452307,3.0,0.14757157652467057
disk,195.5064584165927,4.0,0.28469393888823014
disk,349.9585766831927,4.0,0.38638425189441095
disk,237.02450281000444,2.5,0.14166535609637237
disk,377.7767359811977,4.5,0.22917571795994998
disk,239.5099159532493,3.0,0.38874373593075384
disk,342.7135326867608,3.5,0.3459328752016947
disk,243.188709185031,3.5,0.2188293547273515
disk,190.5420101097825,4.0,0.2601681259754737
disk,328.0527957850924,4.0,0.2238431879074781
disk,204.00127781733556,4.5,0.24194375232459642
disk,357.1995341223711,4.5,0.15093229913789763
disk,265.7978945840171,4.0,0.2153195934843096
disk,220.53680079563944,3.0,0.2046796039825019
disk,302.8007751937009,4.5,0.3401222510486823
disk,198.15752291938324,2.5,0.26467117797674333
disk,296.2467216439842,4.5,0.1417095963978671
disk,212.4456983688537,2.5,0.2927445511690029
disk,141.49011721337982,3.0,0.35644730019827253
disk,250.5184690291127,4.5,0.1405718297984522
disk,191.55150624909467,2.5,0.28092282833155907
disk,214.30179418975828,2.5,0.3507488271178426
disk,246.67149408453483,3.5,0.35140989401781986
disk,168.78383073285534,2.5,0.1682868600090008
disk,244.30402804464362,4.0,0.25131414914933004
disk,304.571049010194,2.5,0.38147054194922314
disk,220.27893938059628,4.5,0.20482533314297052
disk,171.195692311461,2.5,0.2530141318077262
disk,244.50970313162665,2.5,0.37080211456160483
disk,193.01718671794515,2.5,0.17892555255408973
disk,284.559237712042,4.5,0.2938870877215495
disk,301.5226027259963,4.0,0.2903369348107212
disk,293.11228125733385,3.5,0.35320633767335885
disk,394.0069292806419,4.5,0.16160308361883993
disk,232.31690412989013,3.0,0.2034505547576347
disk,229.21632722333402,4.0,0.33619822914682396
disk,251.45196691364484,4.0,0.39893410754405256
disk,302.21582122790835,3.0,0.12531385619942165
disk,135.8296890614656,2.5,0.22415085510212956
disk,245.18956400552148,3.0,0.30280420602130476
disk,167.36108037516544,3.0,0.19510570085261603
disk,138.50397968570627,2.5,0.30423633972214736
disk,297.2782480674596,4.5,0.1849979031092316
disk,268.43365088030015,3.0,0.39095443422437415
disk,291.97200413607277,3.5,0.22239766220418872
disk,288.7759675679688,4.0,0.25384842719530193
disk,231.67567730358886,2.5,0.14078749172857397
disk,325.2358619922974,4.5,0.39659125708580956
disk,245.90519451543182,2.5,0.2225448204381921
disk,243.98348494665686,4.5,0.16101036553752324
disk,191.7744476800982,4.0,0.24382582859589322
disk,186.6867895444756,3.5,0.2338235353846598
disk,275.697907881977,2.5,0.24047608460316866
disk,267.8669115210879,4.0,0.38133076814003386
disk,185.52879939518937,3.0,0.38618937190263314
disk,325.8885346467906,4.0,0.23971815632137997
disk,256.66340355803766,4.5,0.30666460261466677
disk,404.74673633707016,4.0,0.26276998008822905
disk,224.57319910776593,2.5,0.17047062296200233
disk,257.6116299227954,3.5,0.21135798783165838
disk,181.15802710299207,3.5,0.2648890831423149
disk,266.47146413503367,3.5,0.11553297469937639
disk,365.5532935375446,4.5,0.17509101119672296
disk,316.58437012167326,3.5,0.35314856300826236
disk,307.10068344029816,3.5,0.22021009034059608
disk,231.46585639351167,4.0,0.3156873314792794
disk,295.2787712984261,3.0,0.10378077445723316
disk,145.59604836923356,4.0,0.2001651709693451
board,142.33381370568648,4.5,0.34866441865277964
board,137.63501094874385,4.5,0.3714620031236344
board,126.97658293320596,4.0,0.11113176019132784
board,106.83803432005016,3.5,0.11009411617772014
board,150.55784400249794,3.0,0.17918582220284512
board,98.25414390102432,4.0,0.3486720890796394
board,137.869043700924,3.5,0.1381095819819097
board,119.54099892131639,3.5,0.1273162091965003
board,97.19683005445708,2.5,0.2269657453081084
board,109.47241671329316,2.5,0.19085279617310774
board,103.15184797663406,2.5,0.10779281971437943
board,125.64367777320327,4.0,0.2774562194388549
board,131.3433522953884,3.5,0.20849768426953091
board,139.500890692602,4.5,0.15169440419481334
board,116.11499797966256,2.5,0.10470410237776655
board,77.71046214295063,3.5,0.12385054724386164
board,131.16553595071667,3.0,0.10745993222011357
board,77.32997706306244,2.5,0.25358116537908454
board,79.76441178631822,3.0,0.35535448423316074
board,156.9572171076768,4.5,0.25228049211835857
board,134.43097680799158,3.5,0.2549798998235866
board,198.9014408790865,4.5,0.29143995388319505
board,115.44537082372845,2.5,0.1084863365400983
board,82.28750527322735,3.0,0.24875403437959942
board,179.7032191033662,4.5,0.31322402006661554
board,149.18774631982924,3.0,0.32673362042826115
board,98.28099059397532,2.5,0.27519236280544546
board,177.58240094829387,4.0,0.27002066120832857
board,171.8943406661797,3.5,0.1444793839608404
board,141.54171616772527,4.0,0.10959001760503131
board,120.12512358419328,2.5,0.17424445735239041
board,140.26134313506338,3.5,0.2730249587800918
board,190.9392416882917,4.5,0.30486095579881883
board,175.3883591475392,3.5,0.22779709958926442
board,129.42335331169593,3.0,0.25795589778675676
board,87.65217187816528,3.0,0.23064861192997543
board,120.18243488131637,3.0,0.2804974565192734
board,158.75968679006644,3.0,0.3715616410366417
board,107.46862646242457,4.0,0.3376862033153238
board,106.3710242694805,3.0,0.1895301482951442
board,126.71976223472926,3.5,0.3659825632946505
board,159.68687703822664,4.0,0.28600229835108215
board,138.66456222911648,4.0,0.26251921527096184
board,171.26151024879226,3.5,0.23904247262268846
board,187.79346587189218,3.0,0.2684015329863725
board,125.53508261413096,4.0,0.29924450056300056
board,138.93673262754533,2.5,0.20015450542266294
board,223.56558809290317,4.5,0.2625771713341222
board,126.038913913748,3.0,0.19275964550033603
board,180.24106181717727,3.0,0.2547313346875433
board,111.66289454917273,2.5,0.3341325383959617
board,190.5005889280946,4.5,0.300545008849869
board,152.10500226334676,2.5,0.11823131695555911
board,80.82511971377394,2.5,0.27977833377209516
board,113.62682099429247,2.5,0.33347448107763344
board,133.2262940256171,4.5,0.1264945518023799
board,111.236199248133,2.5,0.3595116684785554
board,125.90795768217018,3.0,0.3914882269095856
board,111.60831408274616,3.0,0.28047324578054056
board,143.70891107342345,4.5,0.3061822852983353
board,129.3777453021384,4.0,0.15656841002463354
board,102.69471676147987,4.0,0.2524734339368059
board,180.68050134734287,4.5,0.3756922764232862
board,215.2457319014752,4.5,0.19076606192877638
board,128.3750970071728,3.5,0.16101747951009082
board,148.88344908410286,4.5,0.29079026729187196
board,129.50802108196362,3.0,0.24124043671682463
board,133.80471781297985,4.0,0.3495497124179584
board,128.09636625393247,3.0,0.2675049907208554
board,223.66955498566546,4.5,0.12876701146361177
board,98.23595743439219,3.5,0.2646848462157287
board,143.00188676129414,4.5,0.27839446120919403
board,164.08931692269886,3.5,0.17315660769713617
board,165.1089323620387,4.0,0.3138507095457672
board,127.754691049647,4.0,0.38672651332323726
board,122.00021132638467,3.5,0.13517364291634495
board,125.66645340646924,2.5,0.3085113574901464
board,122.47819277086656,3.5,0.10211072918853703
board,124.74795079654552,3.0,0.390632973281106
board,94.65134224415684,2.5,0.20619851255987492
board,140.18096076103572,3.0,0.2924527543623105
board,126.72179576831186,2.5,0.26048977793644834
board,144.75298421774457,4.5,0.23501904830103573
board,160.83461901507886,4.5,0.27648836757607265
board,112.513688380129,2.5,0.242229511761454
board,152.95987221839215,4.5,0.22325979141834718
board,145.3200714605216,3.0,0.11504738641512133
board,151.6749882574172,4.5,0.3998109587853601
board,176.82982479138133,4.5,0.15400129537142512
board,188.08458804452206,3.0,0.3496620463682052
board,150.02901212755305,2.5,0.3822196039710243
board,168.6159265727386,4.0,0.20096442575424048
board,78.40727546964277,3.0,0.1589504803005217
board,151.12736781192743,4.0,0.23283563811655264
board,109.17313547039888,2.5,0.2659627794771513
board,112.15687535148987,4.5,0.19921037365424427
board,168.47171396917588,3.5,0.14463208179556789
board,135.3255325019552,3.0,0.2848836248441
board,131.4083341757745,2.5,0.37511471623284864
board,67.6406248562286,3.5,0.33555102105118795
board,126.16067638714493,3.5,0.22977876957248725
board,118.13959786377244,3.0,0.31023150861674076
board,107.71618274022015,3.5,0.10525449430930067
board,153.8415291319222,3.0,0.3070701419118278
board,119.54380069315309,3.0,0.3849576898159369
board,107.5214669343109,3.0,0.20985761571059594
board,131.66533819780557,3.5,0.1567584123203284
board,111.1035606121228,4.0,0.3413840070884666
board,80.49882373669304,4.5,0.3449908290033059
board,167.83789097276735,4.0,0.3249886332916845
board,167.6076831890264,4.5,0.37005371377240226
board,153.9659925311022,3.5,0.12515423500334352
board,156.44259560569088,3.5,0.15401746154643164
board,110.54375099189012,3.5,0.19813270721069853
board,137.8861747875236,3.5,0.36773509380663416
board,134.05517693517737,2.5,0.30686695205976383
board,163.2042215384968,4.0,0.3734140028660351
board,105.34940780764603,3.5,0.37252578478337084
board,117.0898743834993,4.5,0.1091712938671684
board,168.56295701812888,4.0,0.11682055812951403
board,72.2417052263276,2.5,0.19720502468515377
board,114.50619028581735,3.5,0.30126162217429464
board,102.99882033765178,2.5,0.12899461213030206
board,141.66608434564276,3.0,0.2750061345677821
board,129.69873276258508,3.0,0.15265401639158582
board,111.03234483960682,4.0,0.15303263470101255
board,122.86788616729575,2.5,0.22327130204356338
board,162.27692116839395,4.5,0.28404215179430625
board,161.82310213285746,4.0,0.24466030536339423
board,104.2825815852657,3.5,0.1574004755764792
board,137.60124951646185,4.5,0.2570672654628427
board,97.98229741356894,3.5,0.3219123021870428
board,143.70597015102598,2.5,0.15079418757828816
board,107.80031995013337,3.0,0.3079054359469455
board,136.56006510501092,3.5,0.31536602475595155
board,101.52092389716177,3.0,0.2767942385841895
board,94.96850877968645,2.5,0.3029971359804663
board,174.9388752469429,4.0,0.36325114827322613
board,84.6015376362675,2.5,0.22407855420608733
board,98.4569433504242,4.5,0.24407309649906841
board,130.8320227522422,4.0,0.3465727354655803
board,118.59799673545675,3.5,0.10810971007311544
board,137.6428229492969,3.0,0.3740327817673069
board,159.07400003674545,4.5,0.3279277721407027
board,98.75364127797613,4.0,0.3993905419334305
board,163.8187652138214,4.0,0.36000441270749317
board,112.94804135224675,4.0,0.11725611208114531
board,126.37810888760035,3.5,0.24331341586640623
board,142.73392454392481,4.5,0.3601961979981785
board,130.07815264865167,4.5,0.21791567257247385
board,128.20347263590727,2.5,0.25417915195101537
board,90.95596829652814,4.0,0.2044654614002618
board,147.22105574569784,4.5,0.22813426838692724
board,159.3676694176347,3.5,0.3696573757710523
board,145.30473224261115,2.5,0.11036975146825058
board,108.32647573029806,3.0,0.30137426430122427
board,185.17500948230702,3.0,0.2496283181258819
board,105.29175822302946,3.0,0.1607867766207553
board,147.3135757818461,4.5,0.2543793439359183
board,111.89780112077213,4.5,0.3379068685059847
board,101.7507921245906,4.5,0.2452141102290686
board,145.58723093859328,2.5,0.27296469754591746
board,112.14328246143248,2.5,0.30863111547978805
board,158.73457576882686,2.5,0.16758380808655932
board,92.3768818294989,3.0,0.2064685460848722
board,132.97462381139692,4.0,0.16940048050994663
board,137.81576388574643,3.5,0.21668093537270244
board,102.96524192276593,2.5,0.26511992581515087
board,148.73233426400162,3.0,0.2729490932992117
board,133.88775390978643,3.0,0.1252049053522014
board,186.96818010625668,4.5,0.22546328075421856
board,104.22426361131734,4.5,0.24337717164454067
board,149.67077096422258,4.0,0.2578968826986877
board,120.81604327003112,4.5,0.3696805196496554
board,115.16235887182567,3.0,0.14544622583523836
board,159.0868760093154,4.5,0.3919834156719437
board,131.16952310580723,4.0,0.3792536855440347
board,130.9000372792375,2.5,0.36396974174244334
board,151.09181976373023,2.5,0.25937044173529933
board,106.58437688657902,2.5,0.12100536227044498
board,92.18076749730895,3.5,0.3741912025933928
board,147.82603097805887,4.0,0.2160120450420951
board,107.85274920340127,3.0,0.1725308418156714
board,151.90481660167882,3.0,0.31277435416165
board,117.50606677836188,2.5,0.20943464806867101
board,128.76556048913721,2.5,0.29540074765446267
board,100.45061282573671,2.5,0.2767490373217789
board,96.96108376046297,2.5,0.2783277873121932
board,98.96785220042565,3.0,0.2067798419327899
board,83.68376217234055,2.5,0.1792431141198042
board,126.13884295368686,4.5,0.19268060011412116
board,142.4334497659314,3.0,0.3416450018271213
board,144.44909371464192,4.0,0.21076423089849516
board,92.19478818979631,2.5,0.28442847149333983
board,118.60794863128581,4.0,0.1762449440802203
board,221.58418278700236,4.0,0.382947545924219
board,110.46623536112872,3.0,0.29969435535445876
board,113.48235676375475,3.5,0.27258513698397957
board,101.94567676139803,4.0,0.3990157515091082
board,148.76584442644574,4.0,0.37872543620352694
ram,201.70648540428454,4.5,0.12518230175366993
ram,127.26754326923283,2.5,0.17453737911403808
ram,200.75109578159214,3.5,0.37565717252084696
ram,217.9481420577046,4.0,0.3350193601188467
ram,159.17323665723907,2.5,0.24876281783252377
ram,139.9724343131458,3.0,0.32367904423440386
ram,166.49176269699834,3.5,0.36096704389866807
ram,169.8934991065045,4.0,0.34122311032862057
ram,202.20221466908316,3.5,0.19092905829622303
ram,195.95132948654563,4.0,0.11650225608268522
ram,138.92360357386895,2.5,0.20813287743699865
ram,122.02831071283379,2.5,0.19796467536671197
ram,186.70824437743693,4.0,0.12633218757053427
ram,90.39984361539854,2.5,0.2115472734317786
ram,163.37861050529457,2.5,0.2381183108438832
ram,154.89111563443163,3.0,0.17213465300605924
ram,145.24593288941273,4.0,0.1702775167463929
ram,143.92689224881963,3.0,0.2136226178355013
ram,168.40428765484145,2.5,0.375409859509353
ram,148.95401413009876,2.5,0.220889603064796
ram,193.224939382976,3.0,0.35359846713485277
ram,161.7558276476395,3.0,0.27054256465051296
ram,195.37287685964395,3.0,0.34528156975498914
ram,192.11991035321702,3.5,0.23431992561136808
ram,106.19348634886884,2.5,0.23960042741646112
ram,182.67917482349833,4.0,0.18789606243657214
ram,175.944262165514,3.0,0.21911528918529063
ram,131.4046641769202,2.5,0.2489808232182767
ram,171.77895174630646,4.0,0.11872099682136289
ram,181.93979690563094,3.0,0.22588948809802462
ram,168.7828972978274,2.5,0.15733250611666372
ram,188.72448328619885,2.5,0.3338848531322768
ram,140.97400466841103,4.5,0.33153503889414493
ram,112.30932062800848,4.0,0.24216705513535502
ram,184.80649759416735,3.0,0.381554627113881
ram,174.4960296545715,3.0,0.11425243078861597
ram,179.15779861019797,2.5,0.16744478344463964
ram,165.35625619428842,2.5,0.261433242490362
ram,185.67517123398505,3.0,0.30496420483511005
ram,188.55689633380723,4.5,0.298241052224485
ram,147.0262278700475,3.0,0.18466239831235787
ram,164.85049170291785,3.5,0.22475788751439268
ram,178.52951603906794,3.5,0.16778082588520915
ram,244.4173820534968,4.5,0.34286844629623986
ram,240.7832217567581,3.0,0.39299425146945854
ram,137.1155823400837,4.0,0.13407533215719677
ram,187.42032154803084,4.0,0.29992221463279456
ram,102.27122705322327,2.5,0.12378626249453914
ram,113.94138979945751,3.5,0.2620654393221986
ram,211.46110752951844,4.5,0.28672604799171797
ram,128.0983000873925,2.5,0.32461688515498255
ram,150.46550863023177,3.0,0.1025779845702395
ram,170.14758253872387,4.5,0.2635380726219953
ram,182.65263931717945,4.0,0.2224233707079667
ram,208.0213408784798,3.5,0.32871791653732507
ram,162.80869840695428,4.5,0.29863760931300254
ram,107.29145380753869,2.5,0.34476161796074334
ram,156.67756203626374,3.5,0.2952377551564065
ram,207.70358530642392,3.5,0.18128011123648147
ram,174.77956881901113,3.0,0.12088810734849675
ram,159.6078391513844,4.5,0.16371272909028323
ram,125.35243990162408,2.5,0.10825814526792277
ram,174.77573074906078,4.0,0.2995823001502186
ram,204.33005241359228,4.5,0.1930398613629657
ram,127.62052733824802,3.5,0.31499210459325555
ram,129.5384980875415,3.0,0.3536823496942417
ram,143.87988566930238,4.5,0.11135183798884295
ram,244.7358324043577,4.5,0.35864656193216793
ram,108.2968712638635,2.5,0.3875142919180101
ram,205.07076086799367,4.5,0.14036210639049898
ram,195.21716314335762,4.5,0.15749733358238932
ram,198.30332236417357,4.0,0.24634777576209355
ram,214.33828428269217,4.0,0.1862037865507211
ram,151.15642363384396,3.0,0.21470394573453883
ram,79.49514105894613,2.5,0.23483918720704886
ram,126.92336823355933,3.5,0.3620337250695297
ram,145.63308486025068,3.0,0.23974481975743453
ram,163.78385356261157,3.0,0.31369779588119495
ram,137.52234098825997,4.0,0.1573940701104476
ram,189.70060414051608,3.0,0.29367012543024973
ram,161.28077814041825,3.0,0.19029502012525884
ram,147.62950181193327,3.0,0.39314667411584847
ram,171.2421607453481,2.5,0.13242063754398659
ram,104.93064956286156,2.5,0.378306568049409
ram,174.6232513761472,3.0,0.17145344283583625
ram,176.274559998835,4.0,0.29821085970459427
ram,115.07182753208168,2.5,0.10907904251001914
ram,216.6141097866892,4.0,0.11006731273423036
ram,180.34343365889237,4.0,0.12406692297740038
ram,133.3222055532367,2.5,0.21916986723597479
ram,189.3720940957933,4.0,0.12408489567845792
ram,137.8525210186136,2.5,0.35984018090342684
ram,177.705982164892,4.0,0.2542296717914415
ram,208.84231364106546,4.0,0.31017276321368914
ram,141.98042298804845,3.0,0.21932503033020231
ram,136.37920833703345,4.5,0.36213105046726546
ram,103.31971251036909,3.0,0.2260503684621805
ram,147.4941262878695,3.5,0.23304879456859792
ram,139.02006557582936,3.0,0.30094582995926733
ram,130.26053324943007,3.5,0.17588568837009988
ram,215.4238661312835,3.5,0.256023100412075
ram,199.3711277815592,2.5,0.18664582772088362
ram,192.04689785928863,2.5,0.14753469546777898
ram,108.41632982524446,4.0,0.25273932311377123
ram,180.55839256893935,4.0,0.3187924356138907
ram,199.05209100037382,3.0,0.2655560374128705
ram,151.74976446529175,3.0,0.20120123770741255
ram,226.58985275620307,4.5,0.14299056337580873
ram,182.13605631591386,4.0,0.10574353224629043
ram,177.34625858526184,4.5,0.1866664502820492
ram,144.6601805346687,2.5,0.141667816228901
ram,207.23633934159855,4.0,0.10443668313558752
ram,184.74299158519472,3.5,0.3306581783551224
ram,178.95685061918988,3.0,0.16644633652556656
ram,176.77380568241273,3.0,0.19872324277946357
ram,199.29608028865457,4.0,0.16321735973605483
ram,228.5619680992474,4.0,0.36998014143575697
ram,111.9202549396377,2.5,0.3220164596696651
ram,201.57769328809252,4.5,0.3936904077997364
ram,182.9310855284854,4.5,0.27596506857173686
ram,171.28173394363407,4.0,0.1301047361521265
ram,230.03466324449414,3.5,0.3167102711660188
ram,256.23076762578285,4.5,0.19957193106370746
ram,193.61380442323917,4.5,0.32943769039708526
ram,169.827422971204,4.0,0.20602853373085533
ram,210.43636716078672,4.5,0.24004919480857062
ram,188.74042035881104,4.5,0.21952615497083453
ram,101.65304277049144,2.5,0.2540290717817467
ram,146.6167950402875,4.0,0.21826984354265022
ram,166.7387393497278,2.5,0.35007909335278575
ram,150.52711676733443,3.5,0.14450380525260081
ram,168.01522976511157,4.0,0.39787288774835894
ram,161.11374886683055,2.5,0.11255149584033372
ram,219.1895586789655,3.0,0.3564887195123386
ram,112.33869860642818,2.5,0.10556604326399728
ram,154.56085134080595,3.5,0.16532675929740226
ram,171.98638580967088,3.5,0.2672382015540081
ram,219.3302138129161,4.0,0.19154228990739675
ram,204.55854910336305,4.0,0.36087379064185665
ram,170.3552083824879,3.5,0.1357007648108444
ram,131.00320401402345,3.0,0.174301385238618
ram,216.81734317932094,4.5,0.22552605440291712
ram,164.9010011356973,2.5,0.1044062997998556
ram,127.51432867383902,2.5,0.32212743600333327
ram,166.11273835325375,4.5,0.21970993305107603
ram,145.64076649976008,3.0,0.38847913201953366
ram,229.90600914354928,4.5,0.13193273547589277
ram,228.7252864298647,4.5,0.30190708402199967
ram,111.65469754527709,3.5,0.37477520978647616
ram,173.1818018271905,2.5,0.2020037878799887
ram,152.53380242293446,4.0,0.35771578561106054
ram,208.3366820531134,4.0,0.1717752301045686
ram,150.5617018588481,3.0,0.2647344212916997
ram,153.2879746153104,4.0,0.36634773837327506
ram,133.59124825194132,2.5,0.21220744306477451
ram,239.52258781577834,4.5,0.29028729329909864
ram,153.9687668111562,2.5,0.22105608037348312
ram,169.43717652879096,3.5,0.10214482976503901
ram,204.6684228411158,4.5,0.217984635399081
ram,182.74729228541716,3.5,0.20878868563933967
ram,240.03345374699322,4.5,0.3019650272976031
ram,155.41600318184857,3.0,0.2695527270562541
ram,108.41645847350509,3.0,0.3723450585342599
ram,165.61704338118858,2.5,0.1999448963500276
ram,141.48251422491776,3.0,0.12512736071956304
ram,171.82243210213608,3.0,0.1193596355382021
ram,235.00556788338534,4.5,0.18763350654159883
ram,184.9615068067712,4.0,0.276223425364076
ram,186.64807038985754,3.0,0.1677330649676521
ram,132.934363099998,3.0,0.20061342719628777
ram,164.18013670660253,4.0,0.19174811594670513
ram,144.66683291474882,4.0,0.33504494716473654
ram,174.33753902562097,4.0,0.19612113136669834
ram,111.84920293107477,4.0,0.26980119218449267
ram,155.1989831034173,4.5,0.18839155512407102
ram,176.89154985435692,4.5,0.35816233015501
ram,147.0275589798865,2.5,0.3526161356089381
ram,173.9952611240638,4.0,0.1516613569079739
ram,190.95007099900727,4.5,0.22131179365455617
ram,125.83924961998349,4.0,0.1410933230283847
ram,135.0106216541258,2.5,0.10246854478000472
ram,105.2745222702012,4.0,0.3022479508742961
ram,141.05140255554676,2.5,0.37674182448491933
ram,204.1122461038127,4.5,0.1749441493953775
ram,150.9583892152206,2.5,0.12618375953333696
ram,216.01420995174783,4.5,0.23278829365961137
ram,134.75231286208194,2.5,0.24805981032197408
ram,163.76637334088977,3.0,0.2469414814537128
ram,140.73963343517013,4.0,0.216042782001655
ram,124.068990590226,3.5,0.13534207854701438
ram,248.38744860481594,4.0,0.33379096357914817
ram,200.71227691204157,4.5,0.1730753325882397
ram,195.39139653705365,3.0,0.30696187005879083
ram,175.22115583102342,4.0,0.3898903999421838
ram,193.01423912513977,4.5,0.27794047512105924
ram,224.5854899979329,4.5,0.2664529210434442
ram,145.66095368784275,2.5,0.11606069694645199
ram,135.6844548081079,2.5,0.1300953855257337
ram,222.00512887137788,4.5,0.1358181299526458
ram,156.8425273376729,3.5,0.2403919344302767
gpu,604.9661352139826,4.5,0.3275734629566762
gpu,435.2773876798046,4.0,0.34379615759648
gpu,392.0511204062295,2.5,0.27825611595670496
gpu,366.52359884743777,2.5,0.3199961224584247
gpu,327.3548111686583,3.5,0.2363333770524954
gpu,562.2181210103965,2.5,0.17143588039311963
gpu,402.4096384902479,4.5,0.3619874348760598
gpu,349.11893198077536,2.5,0.21334496587673304
gpu,473.5258992053258,3.5,0.1973988195756009
gpu,513.8205381199997,3.0,0.1266868893718844
gpu,488.7544049615649,2.5,0.382050029841717
gpu,486.641995725121,4.5,0.21312846063202223
gpu,465.9459323822106,4.0,0.30646087976458647
gpu,419.0800904350361,3.0,0.33642108731124926
gpu,530.3001564483276,4.5,0.1125262426114491
gpu,265.3398121864034,4.5,0.1834119613282556
gpu,559.7454593771739,4.0,0.329040020827585
gpu,326.6095849084163,3.0,0.391527405921255
gpu,406.7780478004312,3.0,0.15730419708339366
gpu,504.1729135461549,3.0,0.21988860287673873
gpu,511.89996241153995,3.5,0.12809891219011635
gpu,458.047922545424,4.5,0.3216658344823068
gpu,432.09956349290826,3.5,0.3861225014096681
gpu,371.8367271729913,3.0,0.3026918784878681
gpu,441.014473185093,3.5,0.3792662024857584
gpu,423.4131527894575,3.5,0.3865981463343221
gpu,292.4675206019697,3.0,0.30010340801139973
gpu,347.40756600589623,4.5,0.2989114811202898
gpu,484.5194919112634,3.5,0.3829829712288282
gpu,381.4037272794996,3.0,0.35295851690086644
gpu,487.79056008581983,3.5,0.2877040593802429
gpu,620.932467049861,4.5,0.32888640850484996
gpu,608.5238292176084,3.5,0.3317601369452713
gpu,417.95109254547106,3.0,0.27574754966892046
gpu,543.0848288102609,4.5,0.2606667620382314
gpu,653.3186595529738,4.5,0.10958783698042546
gpu,382.20558572381196,3.0,0.3610859969847309
gpu,400.48639460859306,4.5,0.27977537757636556
gpu,385.8714914688144,3.5,0.1150322057858087
gpu,430.22414249365175,4.5,0.28554560495059444
gpu,305.09416007106756,3.5,0.3040383543682976
gpu,459.4921797883782,4.5,0.23098797819173916
gpu,623.0613767624914,4.5,0.3006798018189878
gpu,524.3430845152685,3.5,0.38242150312013545
gpu,671.8839450786478,4.0,0.3403674817242078
gpu,333.3122109506447,3.0,0.33095505711040846
gpu,423.09872875216917,4.5,0.21218095016291744
gpu,362.3672231381269,3.5,0.367967635348705
gpu,362.71994763704186,3.5,0.14301815969242637
gpu,537.1420758035674,3.5,0.31836406772453796
gpu,419.3972855941368,2.5,0.3943502301743208
gpu,260.5333402204286,2.5,0.14598792397338226
gpu,376.815101628093,2.5,0.28188018648171953
gpu,421.34567286935317,4.0,0.12020639567096772
gpu,374.94695011350393,3.0,0.3561433143505093
gpu,349.74881230156177,3.5,0.2451085032863167
gpu,457.6508698940492,3.0,0.3341149684701369
gpu,359.6536384941102,4.0,0.3990909629485202
gpu,361.01842788991695,3.0,0.2764095341958314
gpu,312.7315241454318,3.0,0.1066903096614022
gpu,402.16650487505706,3.0,0.259746253234032
gpu,352.0767195853249,3.0,0.22918920552987873
gpu,310.7246676789043,2.5,0.2845097876994992
gpu,483.64882886501323,3.0,0.3202203304110264
gpu,408.05084375326715,4.0,0.3620723386886211
gpu,242.54594707330435,2.5,0.17487996060803804
gpu,428.8451454564512,4.0,0.11442237329519392
gpu,452.3519487536414,3.0,0.10237643259235758
gpu,591.5868412787922,4.0,0.1875378720587798
gpu,361.830494162761,3.0,0.3208629725184296
gpu,363.3766355829898,4.0,0.10334235260905524
gpu,473.08444766361373,2.5,0.12400749835433197
gpu,295.73101391376,2.5,0.16396070369524188
gpu,419.95274058661005,4.5,0.21945001455744811
gpu,393.02270750211517,3.5,0.12539024345823316
gpu,457.50767062449165,4.0,0.10751734231010165
gpu,400.0789598042805,4.5,0.2712115892098008
gpu,422.0551968149734,3.0,0.31905781266126965
gpu,511.24595078441075,3.5,0.3208447332093269
gpu,287.47753454800034,2.5,0.35604809602330956
gpu,333.62090609527115,2.5,0.29660902760176655
gpu,502.2141936706617,4.0,0.13027185147650405
gpu,387.71984882187746,4.5,0.2405540797474616
gpu,577.7944287923932,4.0,0.1686596450855124
gpu,548.053024523651,4.0,0.2897849341642432
gpu,485.9835466781119,4.5,0.21999484660062923
gpu,460.5821434520751,2.5,0.2888140502374357
gpu,417.8538737430543,4.0,0.33124502701549563
gpu,339.1798357590978,4.5,0.2434850522148442
gpu,416.3143482354084,4.0,0.3150497344155745
gpu,434.43001598448484,3.5,0.14103125780685535
gpu,573.780666488092,3.0,0.11793927942480859
gpu,302.77726818634886,2.5,0.3124116211608935
gpu,441.15141848349174,3.5,0.11138223699735707
gpu,442.9072777061889,2.5,0.2796864142249952
gpu,531.6039263997034,4.5,0.18320725215697597
gpu,306.68100385166014,4.5,0.23787447421811964
gpu,546.0624972589029,3.5,0.13564827436273758
gpu,349.1316119917147,4.0,0.38949732469852616
gpu,625.9821458613336,4.5,0.26608375361851977
gpu,646.2193275183066,4.5,0.1505184992422924
gpu,437.5854231017351,3.5,0.20712775636316713
gpu,447.79875447925355,3.0,0.16923125804047146
gpu,404.74067570812724,2.5,0.37959491078125085
gpu,479.6127668985257,4.0,0.2571266982583065
gpu,426.7858988495125,2.5,0.25402809204789994
gpu,587.9343510320834,3.5,0.3015326480991723
gpu,457.8144432613324,3.5,0.21483633073246616
gpu,365.134420401043,3.0,0.2551720733966959
gpu,594.022155305247,4.0,0.10492827703007603
gpu,568.6892412184447,4.5,0.35297985590818814
gpu,481.42971707648104,4.5,0.3148500056219917
gpu,435.0729324439347,4.5,0.3539750591728933
gpu,375.32445573968437,4.5,0.15288569711481262
gpu,303.81694255298686,3.0,0.21810158274306365
gpu,416.97052856187423,4.5,0.28519679288688016
gpu,416.32250951443314,3.0,0.2293812277186363
gpu,379.7891768918369,3.0,0.20132687559613302
gpu,552.6924694065667,2.5,0.12959146780825614
gpu,504.0181447281947,2.5,0.2852695683504454
gpu,382.21980465972786,3.0,0.13629906305202164
gpu,297.4748804699195,4.0,0.11194068703419419
gpu,533.6767233115049,3.0,0.13240978306499868
gpu,568.899357050932,4.5,0.1990536942289834
gpu,333.14618094971115,2.5,0.17009025235453024
gpu,416.83197458023955,4.0,0.15685075458890396
gpu,376.33042179342135,3.0,0.254572217764219
gpu,414.8325756518492,2.5,0.35378309930463636
gpu,405.1995510933334,4.0,0.22844470678460482
gpu,299.68266148924863,2.5,0.22634511736269736
gpu,254.05945377154075,2.5,0.2915132907330144
gpu,399.60849802808,3.0,0.29988084356910266
gpu,317.30668310170296,3.5,0.30319800916223977
gpu,347.77903871234383,3.0,0.31997820344313155
gpu,504.3763697146679,4.0,0.15323136326553957
gpu,359.94176387128147,2.5,0.26027254726530247
gpu,418.04075747338777,2.5,0.12153173468701198
gpu,316.15748162959477,2.5,0.2882882431454352
gpu,525.3827388221991,4.0,0.37600479444697277
gpu,497.26956818877164,3.0,0.12501571898492972
gpu,420.47206765742953,4.5,0.294902549820646
gpu,414.4038821442633,3.0,0.16537793735121634
gpu,406.11373323417905,2.5,0.22771451311246746
gpu,346.27258330196224,3.0,0.21115831442310934
gpu,480.90687993187555,4.5,0.15361216033297032
gpu,463.14702322761013,4.0,0.32555600955954944
gpu,234.87752978795922,2.5,0.27159153865195673
gpu,314.4592036847147,3.0,0.16223491034284704
gpu,462.8444561377605,2.5,0.3245524637997901
gpu,423.2363798374372,3.0,0.3230162256813676
gpu,424.90009530609586,2.5,0.11992678854111792
gpu,620.16639356325,4.0,0.13798884390589672
gpu,384.0919945021184,3.5,0.29090944407798996
gpu,253.13923313834522,3.0,0.14049623775579315
gpu,438.77454566047055,4.5,0.16358655668683286
gpu,364.76191834098324,2.5,0.2678899625274349
gpu,555.2771095804563,4.5,0.11799417366162966
gpu,466.2805213535092,4.0,0.2737599703721466
gpu,372.87282078161456,4.0,0.23030363334714676
gpu,428.2422012720074,2.5,0.1647233065001712
gpu,422.59625622462,4.0,0.1424939967710493
gpu,297.6308695039544,4.0,0.31480886099075633
gpu,470.6488892831509,4.0,0.18344054619758693
gpu,492.668849662899,3.5,0.30460839190401146
gpu,445.22934283757405,3.0,0.15649792341354435
gpu,215.0417562151515,4.0,0.2538203830550997
gpu,516.9553253378507,4.5,0.22335546192232747
gpu,465.1555713527179,3.5,0.24335184669278023
gpu,508.0000633685471,4.5,0.16180265052044826
gpu,245.9264576435309,3.5,0.18079062105216698
gpu,469.8571182237049,2.5,0.26876528373323005
gpu,435.05469863141263,3.5,0.22038573503385517
gpu,333.8003317896588,3.5,0.3848791367409624
gpu,508.311880446755,4.0,0.20297256413009465
gpu,398.00796247583276,2.5,0.22328164039455112
gpu,360.5532561985695,3.5,0.3557218877447943
gpu,549.044244814578,3.5,0.2588874820274409
gpu,443.47663031615747,3.5,0.26689803621122277
gpu,392.4843374354182,3.5,0.1417265653248931
gpu,452.8951099142131,4.0,0.3015447574218727
gpu,381.1040390956416,4.5,0.35824205982142154
gpu,272.7347780356512,2.5,0.39821808157732397
gpu,258.3048966616435,2.5,0.3918183652882413
gpu,351.14712903393917,4.0,0.22600147777550636
gpu,573.9256969593789,3.0,0.32359459906044497
gpu,275.4501788354551,3.0,0.17302733574650764
gpu,465.76003826649884,4.5,0.22444918531547725
gpu,506.6591609345699,4.0,0.17488215783837602
gpu,539.5065225665523,4.5,0.3359130112979532
gpu,349.1267396720161,2.5,0.30815581118945257
gpu,413.3418330575672,2.5,0.20226667921290742
gpu,421.6943941460915,4.0,0.15937419139877793
gpu,611.3679895070478,4.5,0.2063827929736489
gpu,364.90322518454224,4.0,0.24178465375049324
gpu,353.25864557575284,3.5,0.35118556776272825
gpu,334.3039855650112,3.0,0.20207537067792436
gpu,526.4137703514757,4.0,0.3257076069371164
gpu,483.9312819963458,4.5,0.1963440437498129
gpu,416.16108564600546,4.5,0.2349314069303443
gpu,429.1043082920236,3.5,0.12492757299413196
